{"cameraMode":{"drawMode":0,"name":"Shaded","section":"Shading Mode"},"sceneLighting":true,"audioPlay":false,"sceneViewState":{"showFog":true,"showMaterialUpdate":false,"showSkybox":true,"showFlares":true,"showImageEffects":true,"showParticleSystems":true},"in2DMode":false,"pivot":{"x":-0.23617026209831239,"y":0.7977938652038574,"z":-1.2496728897094727},"rotation":{"x":-0.3412991762161255,"y":-0.007897420786321164,"z":0.002867558039724827,"w":-0.9399171471595764},"size":10.0,"orthographic":false}